{
  "feature_names": [
    "temp_sensor",
    "humidity_sensor",
    "mq135_raw",
    "mq135_normalized",
    "temp_diff",
    "humidity_diff",
    "comfort_index",
    "pm_ratio"
  ],
  "feature_count": 8,
  "scaler_mean": [
    33.51006944444445,
    68.57511574074073,
    807.0555555555555,
    19.708316374983042,
    0.38969907407407384,
    -5.028472222222223,
    40.36758101851852,
    1.1999792619622023
  ],
  "scaler_scale": [
    0.12973618099416545,
    0.2857636545009014,
    126.3574503023608,
    3.0856520220356733,
    0.6455136500543959,
    2.505013395241531,
    0.11409488988978772,
    5.445863001973051e-06
  ],
  "model_performance": {
    "train_mae": 3.008494006262885,
    "test_mae": 3.0761946395591453,
    "train_r2": 0.9453534483909607,
    "test_r2": 0.94707190990448
  }
}